[
  {
    "id": 1,
    "name": "Chevrolet",
    "image":  "chevy.png",
    "models": [
      {
        "model": "Blazer",
        "brand": "Chevrolet",
        "image": "blazer.png"
      },
      {
        "model": "Bolt EV",
        "brand": "Chevrolet",
        "image": "bolt.png"
      },
      {
        "model": "Camaro",
        "brand": "Chevrolet",
        "image": "camaro.png"
      },
      {
        "model": "Camaro ZL1",
        "brand": "Chevrolet",
        "image": "camaroz.png"
      },
      {
        "model": "Colorado",
        "brand": "Chevrolet",
        "image": "colorado.png"
      },
      {
        "model": "Corvette",
        "brand": "Chevrolet",
        "image": "corvette.png"
      },
      {
        "model": "Corvette Z06",
        "brand": "Chevrolet",
        "image": "corvettez0.png"
      },
      {
        "model": "Corvette ZR1",
        "brand": "Chevrolet",
        "image": "corvettezr.png"
      },
      {
        "model": "Cruze",
        "brand": "Chevrolet",
        "image": "cruze.png"
      },
      {
        "model": "Equinox",
        "brand": "Chevrolet",
        "image": "equinox.png"
      },
      {
        "model": "Express",
        "brand": "Chevrolet",
        "image": "express.png"
      },
      {
        "model": "Impala",
        "brand": "Chevrolet",
        "image": "impala.png"
      },
      {
        "model": "Malibu",
        "brand": "Chevrolet",
        "image": "malibu.png"
      },
      {
        "model": "Silverado 1500",
        "brand": "Chevrolet",
        "image": "silverado15.png"
      },
      {
        "model": "Silverado 2500HD / 3500HD",
        "brand": "Chevrolet",
        "image": "silverado25.png"
      },
      {
        "model": "Sonic",
        "brand": "Chevrolet",
        "image": "sonic.png"
      },
      {
        "model": "Spark",
        "brand": "Chevrolet",
        "image": "spark.png"
      },
      {
        "model": "Suburban",
        "brand": "Chevrolet",
        "image": "suburban.png"
      },
      {
        "model": "Tahoe",
        "brand": "Chevrolet",
        "image": "tahoe.png"
      },
      {
        "model": "Traverse",
        "brand": "Chevrolet",
        "image": "traverse.png"
      },
      {
        "model": "Trax",
        "brand": "Chevrolet",
        "image": "trax.png"
      },
      {
        "model": "Volt",
        "brand": "Chevrolet",
        "image": "volt.png"
      }
    ]

  },
  {
    "id": 2,
    "name": "Ford",
    "image": "ford.png",
    "models": [
      {
        "model": "Bronco",
        "brand": "Ford",
        "image": "bronco.png"
      },
      {
        "model": "C-Max",
        "brand": "Ford",
        "image": "cmax.png"
      },
      {
        "model": "EcoSport",
        "brand": "Ford",
        "image": "ecosport.png"
      },
      {
        "model": "Edge",
        "brand": "Ford",
        "image": "edge.png"
      },
      {
        "model": "Escape",
        "brand": "Ford",
        "image": "escape.png"
      },
      {
        "model": "Expedition",
        "brand": "Ford",
        "image": "expedition.png"
      },
      {
        "model": "Explorer",
        "brand": "Ford",
        "image": "explorer.png"
      },
      {
        "model": "F-150",
        "brand": "Ford",
        "image": "f150.png"
      },
      {
        "model": "F-150 Raptor",
        "brand": "Ford",
        "image": "f150raptor.png"
      },
      {
        "model": "Fiesta",
        "brand": "Ford",
        "image": "fiesta.png"
      },
      {
        "model": "Fiesta ST",
        "brand": "Ford",
        "image": "fiestast.png"
      },
      {
        "model": "Flex",
        "brand": "Ford",
        "image": "flex.png"
      },
      {
        "model": "Focus",
        "brand": "Ford",
        "image": "focus.png"
      },
      {
        "model": "Focus Electric",
        "brand": "Ford",
        "image": "focuselectric.png"
      },
      {
        "model": "Focus RS",
        "brand": "Ford",
        "image": "focusrs.png"
      },
      {
        "model": "Focus ST",
        "brand": "Ford",
        "image": "focusst.png"
      },
      {
        "model": "Fusion",
        "brand": "Ford",
        "image": "fusion.png"
      },
      {
        "model": "GT",
        "brand": "Ford",
        "image": "gt.png"
      },
      {
        "model": "Mustang",
        "brand": "Ford",
        "image": "mustang.png"
      },
      {
        "model": "Mustang Shelby GT350",
        "brand": "Ford",
        "image": "mustangshelbygt35.png"
      },
      {
        "model": "Mustang Shelby GT500",
        "brand": "Ford",
        "image": "mustangshelbygt50.png"
      },
      {
        "model": "Ranger",
        "brand": "Ford",
        "image": "ranger.png"
      },
      {
        "model": "Ranger Raptor",
        "brand": "Ford",
        "image": "rangerraptor.png"
      },
      {
        "model": "Super Duty",
        "brand": "Ford",
        "image": "superduty.png"
      },
      {
        "model": "Taurus",
        "brand": "Ford",
        "image": "taurus.png"
      },
      {
        "model": "Transit",
        "brand": "Ford",
        "image": "transit.png"
      },
      {
        "model": "Transit Connect",
        "brand": "Ford",
        "image": "transitconnect.png"
      }
    ]
  },
  {
    "id": 3,
    "name": "Kia",
    "image": "kia.png",
    "models": [
      {
        "model": "Cadenza",
        "brand": "Kia",
        "image": "cadenza.png"
      },
      {
        "model": "Forte/Forte5",
        "brand": "Kia",
        "image": "forten5.png"
      },
      {
        "model": "K900",
        "brand": "Kia",
        "image": "k900.png"
      },
      {
        "model": "Niro",
        "brand": "Kia",
        "image": "niro.png"
      },
      {
        "model": "Optima",
        "brand": "Kia",
        "image": "optima.png"
      },
      {
        "model": "Rio",
        "brand": "Kia",
        "image": "rio.png"
      },
      {
        "model": "Sedona",
        "brand": "Kia",
        "image": "sedona.png"
      },
      {
        "model": "Sorento",
        "brand": "Kia",
        "image": "sorento.png"
      },
      {
        "model": "Soul",
        "brand": "Kia",
        "image": "soul.png"
      },
      {
        "model": "Soul EV",
        "brand": "Kia",
        "image": "soulev.png"
      },
      {
        "model": "Sportage",
        "brand": "Kia",
        "image": "sportage.png"
      },
      {
        "model": "Stinger",
        "brand": "Kia",
        "image": "stinger.png"
      },
      {
        "model": "Telluride",
        "brand": "Kia",
        "image": "telluride.png"
      }
    ]
  },
  {
    "id": 4,
    "name": "Nissan",
    "image": "nissan.png",
    "models": [
      {
        "model": "Altima",
        "brand": "Nissan",
        "image": "altima.png"
      },
      {
        "model": "Armada",
        "brand": "Nissan",
        "image": "armada.png"
      },
      {
        "model": "Frontier",
        "brand": "Nissan",
        "image": "frontier.png"
      },
      {
        "model": "GT-R",
        "brand": "Nissan",
        "image": "gtr.png"
      },
      {
        "model": "Kicks",
        "brand": "Nissan",
        "image": "kicks.png"
      },
      {
        "model": "Leaf",
        "brand": "Nissan",
        "image": "leaf.png"
      },
      {
        "model": "Maxima",
        "brand": "Nissan",
        "image": "maxima.png"
      },
      {
        "model": "Murano",
        "brand": "Nissan",
        "image": "murano.png"
      },
      {
        "model": "NV 1500/2500/3500",
        "brand": "Nissan",
        "image": "nv152535.png"
      },
      {
        "model": "NV 200",
        "brand": "Nissan",
        "image": "nv200.png"
      },
      {
        "model": "Pathfinder",
        "brand": "Nissan",
        "image": "pathfinder.png"
      },
      {
        "model": "Rogue",
        "brand": "Nissan",
        "image": "rogue.png"
      },
      {
        "model": "Rogue Sport",
        "brand": "Nissan",
        "image": "roguesport.png"
      },
      {
        "model": "Sentra",
        "brand": "Nissan",
        "image": "sentra.png"
      },
      {
        "model": "Sentra NISMO",
        "brand": "Nissan",
        "image": "sentranismo.png"
      },
      {
        "model": "Titan",
        "brand": "Nissan",
        "image": "titan.png"
      },
      {
        "model": "Titan XD",
        "brand": "Nissan",
        "image": "titanxd.png"
      },
      {
        "model": "Versa",
        "brand": "Nissan",
        "image": "versa.png"
      },
      {
        "model": "Versa Note",
        "brand": "Nissan",
        "image": "versanote.png"
      },
      {
        "model": "Z",
        "brand": "Nissan",
        "image": "z.png"
      }
    ]
  }
]