[
  {
    "id": 1,
    "name": "Change Tire",
    "description": "Steps for how to change a tire that is deflated",
    "tools": "Jack, Lug Wrench, Fully Inflated Spare Tire, Owner's Manual",
    "link": "https://www.youtube.com/results?search_query=how+to+change+a+tire",
    "steps": [
      {
        "step": "Step 1: Procedue to a safe location and turn on hazard lights"
      },
      {
        "step": "Step 2: Apply the parking brake"
      },
      {
        "step": "Step 3: Remove the hubcap/wheel cover"
      },
      {
        "step": "Step 4: Loosen the lug nuts"
      },
      {
        "step": "Step 5: Place the jack under the vehicle"
      },
      {
        "step": "Step 6: Raise the car with jack"
      },
      {
        "step": "Step 7: Unscrew the lug nuts"
      },
      {
        "step": "Step 8: Replace the Tire"
      },
      {
        "step": "Step 9: Tighten the lug nuts (Not all the way)"
      },
      {
        "step": "Step 10: Lower car (Not all the way)"
      },
      {
        "step": "Step 11: Tighten lug nuts securely"
      },
      {
        "step": "Step 12: Lower car rest of way"
      },
      {
        "step": "Step 13: Replace hubcap and stow equipment"
      }
    ],
    "images": [
      {
        "name": "tire.png"
      }
    ]
  },
  {
    "id": 2,
    "name": "Change Oil",
    "description": "",
    "link": "https://www.youtube.com/results?search_query=how+to+change+a+car+oil",
    "tools": "New Oil, Container, Rag/Paper Towel, adjustable wrench, funnel, lint-free rag",
    "steps": [
      {
        "step": "Step 1: Look under your car to find the drain plug"
      },
      {
        "step": "Step 2: Place a container under the oil drain plug (Make sure its a large enough container for the oil to be caught)"
      },
      {
        "step": "Step 3: Unscrew the oil drain plug with a rag and move hand away quickly after its loose"
      },
      {
        "step": "Step 4: Remove the cap from the oil filler hole at the top of your engine and unscrew the oil filter, using a wrench if you can't do it by hand, If any remnants of the filter's rubber seal remain on your engine, remove them"
      },
      {
        "step": "Step 5: Empty the oil from the filter into a drain pan"
      },
      {
        "step": "Step 6: Open a new bottle of oil and dip a finger into it, Use the oil to moisten the gasket on the top of the new oil filter"
      },
      {
        "step": "Step 7: Screw the new filter into the engine where the old one was"
      },
      {
        "step": "Step 8: Wipe around the place where the oil drain plug goes, Do this step only after all the oil has drained out"
      },
      {
        "step": "Step 9: Replace the oil drain plug and use an adjustable wrench to tighten it, If your vehicle uses an oil drain plug gasket, make sure the old one has been removed and lay a new gasket on the pan before you replace the plug"
      },
      {
        "step": "Step 10: Use a funnel to pour all but 1 quart of the fresh oil slowly into the oil filler hole"
      },
      {
        "step": "Step 11: Replace the oil filler cap and run the engine for 30 to 60 seconds, check for leaks from the oil drain plug around the filter"
      },
      {
        "step": "Step 12: Shut off the engine and wait 5 to 10 minutes for the oil to settle into the oil pan, then check the oil level again"
      },
      {
        "step": "Step 13: Remove the oil dipstick, wipe it with a clean with a lint-free rag, and shove it back in. Pull it out again and check it"
      },
      {
        "step": "Step 14: Keep adding oil a little at a time, Check the stick after each addition until you reach the 'Full' line on the dipstick"
      },
      {
        "step": "Step 15: Remove the drain pan from under the vehicle and drive for a little to get the oil moving around"
      },
      {
        "step": "Step 16: Let the oil settle down for 5-10 minutes recheck the dipstick if it reads 'Full' the change is complete"
      }
    ],
    "images": [
      {
        "name": "oil.png"
      }

    ]
  },
  {
    "id": 3,
    "name": "Change Headlight",
    "description": "",
    "link": "https://www.youtube.com/results?search_query=how+to+change+a+headlight+bulb",
    "tools": "Phillips Screw driver, New lightbulb, Wipes, Owner's Manual",
    "steps": [
      {
        "step": "Step 1: Open hood of car"
      },
      {
        "step": "Step 2: Locate headlight holder"
      },
      {
        "step": "Step 3: Remove power wire these vary by car"
      },
      {
        "step": "Plastic Catch: There is a small lever on top, push it down and pull plug out"
      },
      {
        "step": "Metal Clip: pull it up while pulling the plug out"
      },
      {
        "step": "Screw Cap: unscrew it by turning counter-clockwise"
      },
      {
        "step": "Step 4: Remove old bulb and replace with new bulb with wipes holding new bulb to keep it clean"
      },
      {
        "step": "Step 5: Reattch power wires"
      },
      {
        "step": "Step 6: Place headlight holder back into place"
      },
      {
        "step": "Step 7: Test lightbulb by turning on headlights"
      }
    ],
    "images": [
      {
        "name": "lightbulb.png"
      }
    ]
  },
  {
    "id": 4,
    "name": "Check Tire Pressure",
    "description": "",
    "link": "https://www.youtube.com/results?search_query=how+to+check+tire+pressure+",
    "tools": "Tire (To be checked), Tire Pressure Gauge, Owner's manual, Air compressor",
    "steps": [
      {
        "step": "Step 1: Check your tire's 'cold' setting before driving or after 3 hours since last drive"
      },
      {
        "step": "Step 2: Insert the pressure gauge into the valuve stem on the tire to get the tire's pressure"
      },
      {
        "step": "Step 3: Compare the measured PSI to the PSI listed on the inside or the driver's door/ owner's manual"
      },
      {
        "step": "Step 4: If the PSI is above the listed number let air out, if it is below add air to the tire"
      }
    ],
    "images": [
      {
        "name": "pressuretire.png"
      }
    ]
  },
  {
    "id": 5,
    "name": "Change Battery",
    "description": "",
    "link": "https://www.youtube.com/results?search_query=how+to+change+car+battery",
    "tools": "Replacement battery, Owner's manal, wrench, screwdriver, wire brush, baking soda solution, battery litium grease",
    "steps": [
      {
        "step": "Step 1: With car turned off and parked ideally on a level surface prop open the hood of the car"
      },
      {
        "step": "Step 2: Locate the battery (use owner's manual to find if needed)"
      },
      {
        "step": "Step 3: Disconnect the NEGATIVE terminal on the battery FIRST with a wrench"
      },
      {
        "step": "Step 4: Disconnect the POSITIVE terminal on the battery with a wrench"
      },
      {
        "step": "Step 5: Unfasten teh battery holder and remove any neccesary screws, clamps or bars holding the battery in place."
      },
      {
        "step": "Step 6: Remove the car battery from the car"
      },
      {
        "step": "Step 7: Clean the terminal clamps and the battery tray with baking soda solution and a wire brush to remove any corrosion"
      },
      {
        "step": "Step 8: Let area dry throughly"
      },
      {
        "step": "Step 9: Place the new battery into car with positive and negative terminal on correct sides"
      },
      {
        "step": "Step 10: Connect all screws, clamps, or bars that hold the battery into place"
      },
      {
        "step": "Step 11: Reconnect the POSITIVE terminal FIRST, tighten the clamps with a wrench"
      },
      {
        "step": "Step 12: Reconnect the NEGATIVE terminal, then clamps with the wrench"
      },
      {
        "step": "Step 13: Spary the terminals with the litium grease (this helps to prevent any future corrosion)"
      },
      {
        "step": "Step 14: Close hood of car"
      }
    ],
    "images": [
      {
        "name": "battery.png"
      }
    ]
  },
  {
    "id": 6,
    "name": "Add Windshield Washer Fluid",
    "description": "",
    "link": "https://www.youtube.com/results?search_query=how+to+add+windshield+washer+fluid",
    "tools": "Windshield wiper fulid, Owner's manual, funnel",
    "steps": [
      {
        "step": "Step 1: Open hood of car"
      },
      {
        "step": "Step 2: Use owner's manual to assist in locating windshield wiper fluid container (should be a brightly coloerd cap with an image of a windshield engraved on it)"
      },
      {
        "step": "Step 3: Take off the containterslid and set aside"
      },
      {
        "step": "Step 4: Place funnel into windshield wiper container"
      },
      {
        "step": "Step 5: Pour windsheidl wiper fluid into funnel until it reaches the fill line (if you can't see the fill line leave a couple inches at the top on the container"
      },
      {
        "step": "Step 6: Replace lid back onto the container"
      },
      {
        "step": "Step 7: Lower car's hood"
      },
      {
        "step": "Step 8: Test windsheild wiper"
      }
    ],
    "images": [
      {
        "name": "windsheild.png"
      }
    ]
  }
]