[
	{
		"id" : 1,
		"name":"Acura",
		"images": [
			{
				"name": ".jpg"
			}
		]
	},
	{	
		"id" : 2,
		"name":"Alfa-Romeo",
		"images": [
			{
				"name": ".jpg"
			}   
		],
	},
	{
		"id" : 3,
		"name":"Aston-Martin",
		"images": [
			{
				"name": ".jpg"
			}
		],
	},
	{
		"id" : 4,
		"name":"Audi",
		"images": [
			{
				"name": ".jpg"
			}
		],
	},
	{
		"id" : 5,
		"name":"Bentley",
		"images": [
			{
				"name": ".jpg"
			}
		],
	},
	{
		"id" : 6,
		"name":"BMW",
		"images": [
			{
				"name": ".jpg"
			}
		],
	},
	{
		"id" : 7,
		"name":"Bugatti",
		"images": [
			{
				"name": ".jpg"
			}
		],
	},
	{
		"id" : 8,
		"name":"Buick",
		"images": [
			{
				"name": ".jpg"
			}
		],
	},
	{
		"id" : 9,
		"name":"Byton",
		"images": [
			{
				"name": ".jpg"
			}
		],
	},
	{
		"id" : 10,
		"name":"Cadillac",
		"images": [
			{
				"name": ".jpg"
			}
		],
	},
	{
		"id" : 11,
		"name":"Chevrolet",
		"images": [
			{
				"name": ".jpg"
			}
		],
	},
	{
		"id" : 12,
		"name":"Chrysler",
		"images": [
			{
				"name": ".jpg"
			}
		],
	},
	{
		"id" : 13,
		"name":"Citroen",
		"images": [
			{
				"name": ".jpg"
			}
		],
	},
	{
		"id" : 14,
		"name":"Cupra",
		"images": [
			{
				"name": ".jpg"
			}
		],
	},
	{
		"id" : 15,
		"name":"Dodge",
		"images": [
			{
				"name": ".jpg"
			}
		],
	},
	{
		"id" : 16,
		"name":"Ferrari",
		"images": [
			{
				"name": ".jpg"
			}
		],
	},
	{
		"id" : 17,
		"name":"Fiat",
		"images": [
			{
				"name": ".jpg"
			}
		],
	},
	{
		"id" : 18,
		"name":"Ford",
		"images": [
			{
				"name": ".jpg"
			}
		],
	},
	{
		"id" : 19,
		"name":"Genesis",
		"images": [
			{
				"name": ".jpg"
			}
		],
	},
	{
		"id" : 20,
		"name":"GMC",
		"images": [
			{
				"name": ".jpg"
			}
		],
	},
	{
		"id" : 21,
		"name":"Honda",
		"images": [
			{
				"name": ".jpg"
			}
		],
	},
	{
		"id" : 22,
		"name":"Hyundai",
		"images": [
			{
				"name": ".jpg"
			}
		],
	},
	{
		"id" : 23,
		"name":"Infiniti",
		"images": [
			{
				"name": ".jpg"
			}
		],
	},
	{
		"id" : 24,
		"name":"Jaguar",
		"images": [
			{
				"name": ".jpg"
			}
		],
	},
	{
		"id" : 25,
		"name":"Jeep",
		"images": [
			{
				"name": ".jpg"
			}
		],
	},
	{
		"id" : 26,
		"name":"Kia",
		"images": [
			{
				"name": ".jpg"
			}
		],
	},
	{
		"id" : 27,
		"name":"Koenigsegg",
		"images": [
			{
				"name": ".jpg"
			}
		],
	},
	{
		"id" : 28,
		"name":"Lamborghini",
		"images": [
			{
				"name": ".jpg"
			}
		],
	},
	{
		"id" : 29,
		"name":"Land Rover",
		"images": [
			{
				"name": ".jpg"
			}
		],
	},
	{
		"id" : 30,
		"name":"Lexus",
		"images": [
			{
				"name": ".jpg"
			}
		],
	},
	{
		"id" : 31,
		"name":"Lincoln",
		"images": [
			{
				"name": ".jpg"
			}
		],
	},
	{
		"id" : 32,
		"name":"Lotus",
		"images": [
			{
				"name": ".jpg"
			}
		],
	},
	{
		"id" : 33,
		"name":"Maserati",
		"images": [
			{
				"name": ".jpg"
			}
		],
	},
	{
		"id" : 34,
		"name":"Mazda",
		"images": [
			{
				"name": ".jpg"
			}
		],
	},
	{
		"id" : 35,
		"name":"Mclaren",
		"images": [
			{
				"name": ".jpg"
			}
		],
	},
	{
		"id" : 36,
		"name":"Mercedes",
		"images": [
			{
				"name": ".jpg"
			}
		],
	},
	{
		"id" : 37,
		"name":"Mini",
		"images": [
			{
				"name": ".jpg"
			}
		],
	},
	{
		"id" : 38,
		"name":"Mitsubishi",
		"images": [
			{
				"name": ".jpg"
			}
		],
	},
	{
		"id" : 39,
		"name":"Nio",
		"images": [
			{
				"name": ".jpg"
			}
		],
	},
	{
		"id" : 40,
		"name":"Nissan",
		"images": [
			{
				"name": ".jpg"
			}
		],
	},
	{
		"id" : 41,
		"name":"Opel",
		"images": [
			{
				"name": ".jpg"
			}
		],
	},
	{
		"id" : 42,
		"name":"Pagani",
		"images": [
			{
				"name": ".jpg"
			}
		],
	},
	{
		"id" : 43,
		"name":"Peugeot",
		"images": [
			{
				"name": ".jpg"
			}
		],
	},
	{
		"id" : 44,
		"name":"Porsche",
		"images": [
			{
				"name": ".jpg"
			}
		],
	},
	{
		"id" : 45,
		"name":"Ram",
		"images": [
			{
				"name": ".jpg"
			}
		],
	},
	{
		"id" : 46,
		"name":"Renault",
		"images": [
			{
				"name": ".jpg"
			}
		],
	},
	{
		"id" : 47,
		"name":"Rivian",
		"images": [
			{
				"name": ".jpg"
			}
		],
	},
	{
		"id" : 48,
		"name":"Rolls-Royce",
		"images": [
			{
				"name": ".jpg"
			}
		],
	},
	{
		"id" : 49,
		"name":"Subaru",
		"images": [
			{
				"name": ".jpg"
			}
		],
	},
	{
		"id" : 50,
		"name":"Tesla",
		"images": [
			{
				"name": ".jpg"
			}
		],
	},
	{
		"id" : 51,
		"name":"Toyota",
		"images": [
			{
				"name": ".jpg"
			}
		],
	},
	{
		"id" : 52,
		"name":"Volkswagen",
		"images": [
			{
				"name": ".jpg"
			}
		],
	},
	{
		"id" : 53,
		"name":"Volvo",
		"images": [
			{
				"name": ".jpg"
			}
		],
	}
]